position_1based,fraction_major_base,major_base,symbol
1,1.0,C,*
2,1.0,G,*
3,1.0,G,*
4,1.0,G,*
5,1.0,A,*
6,1.0,C,*
7,1.0,T,*
8,1.0,C,*
9,1.0,A,*
10,1.0,A,*
11,1.0,G,*
12,1.0,C,*
13,1.0,A,*
14,1.0,A,*
15,1.0,T,*
16,1.0,C,*
17,1.0,T,*
18,1.0,T,*
19,1.0,C,*
20,1.0,C,*
21,1.0,C,*
22,1.0,A,*
23,1.0,C,*
24,1.0,C,*
25,1.0,T,*
26,1.0,T,*
27,1.0,A,*
28,1.0,G,*
29,1.0,C,*
30,0.5,C, 
31,0.6666666666666666,T,.
32,0.6666666666666666,C,.
33,0.3333333333333333,A, 
34,0.6666666666666666,T,.
35,1.0,A,*
36,1.0,A,*
37,1.0,G,*
38,1.0,T,*
39,1.0,A,*
40,1.0,G,*
41,0.5,C, 
42,0.5,T, 
43,0.5,G, 
44,1.0,G,*
45,0.5,A, 
46,0.5,A, 
47,0.5,C, 
48,1.0,C,*
49,0.5,A, 
50,0.5,C, 
51,0.5,C, 
52,0.5,A, 
53,0.5,C, 
54,0.6666666666666666,A,.
55,0.3333333333333333,T, 
56,0.6666666666666666,A,.
57,1.0,T,*
58,0.3333333333333333,T, 
59,0.6666666666666666,G,.
60,1.0,C,*
61,0.6666666666666666,T,.
62,0.6666666666666666,A,.
63,0.75,A,.
64,1.0,T,*
65,1.0,T,*
66,0.5,G, 
67,0.75,T,.
68,0.5,T, 
69,0.75,A,.
70,0.5,A, 
71,1.0,A,*
72,0.5,T, 
73,0.6666666666666666,A,.
74,0.6666666666666666,A,.
75,0.6666666666666666,T,.
76,0.4,G, 
77,0.6,T,.
78,0.6,G,.
79,0.4,A, 
80,1.0,A,*
81,1.0,G,*
82,0.5,G, 
83,0.4,C, 
84,1.0,A,*
85,0.6,G,.
86,0.4,G, 
87,0.4,T, 
88,0.5,A, 
89,0.6,T,.
90,0.4,A, 
91,0.8,T,:
92,0.8,T,:
93,0.8333333333333334,C,:
94,0.5,T, 
95,0.5,T, 
96,0.3333333333333333,T, 
97,0.6666666666666666,T,.
98,1.0,T,*
99,0.8333333333333334,T,:
100,0.6666666666666666,T,.
101,0.5,C, 
102,0.6666666666666666,T,.
103,0.6666666666666666,C,.
104,1.0,A,*
105,1.0,A,*
106,1.0,A,*
107,1.0,T,*
108,1.0,T,*
109,0.75,A,.
110,0.5,C, 
111,0.5,T, 
112,0.5,A, 
113,0.5,A, 
114,0.6666666666666666,T,.
115,1.0,C,*
116,0.3333333333333333,A, 
117,1.0,A,*
118,1.0,T,*
119,0.6666666666666666,G,.
120,1.0,A,*
121,0.5,T, 
122,1.0,A,*
123,0.5,G, 
124,1.0,T,*
125,0.5,T, 
126,1.0,G,*
127,0.5,T, 
128,0.5,A, 
129,0.5714285714285714,C, 
130,0.42857142857142855,T, 
131,0.5714285714285714,T, 
132,1.0,T,*
133,0.5714285714285714,G, 
134,0.5714285714285714,C, 
135,0.5714285714285714,C, 
136,0.8571428571428571,T,:
137,0.5714285714285714,T, 
138,0.875,T,:
139,0.875,T,:
140,0.75,C,.
141,0.75,A,.
142,0.5,C, 
143,0.875,T,:
144,0.75,G,.
145,0.5,C, 
146,0.5714285714285714,A, 
147,0.75,G,.
148,0.5,A, 
149,0.5,A, 
150,0.3333333333333333,T, 
151,0.5,T, 
152,0.5714285714285714,C, 
153,1.0,A,*
154,1.0,G,*
155,1.0,T,*
156,1.0,T,*
157,0.4,C, 
158,1.0,C,*
159,1.0,A,*
160,1.0,T,*
161,1.0,G,*
162,1.0,A,*
163,1.0,A,*
164,1.0,C,*
165,1.0,C,*
166,1.0,G,*
167,1.0,T,*
168,1.0,G,*
169,0.6,T,.
170,0.6,G,.
171,0.8,G,:
172,0.8,A,:
173,0.6,A,.
174,0.7142857142857143,A,.
175,0.5714285714285714,T, 
176,1.0,G,*
177,0.8571428571428571,G,:
178,0.6,C,.
179,0.6,T,.
180,0.4,A, 
181,0.4,A, 
182,0.6666666666666666,T,.
183,0.75,A,.
184,0.6666666666666666,A,.
185,1.0,C,*
186,0.5,A, 
187,0.5,T, 
188,1.0,G,*
189,1.0,G,*
190,1.0,T,*
191,1.0,T,*
192,1.0,C,*
193,1.0,C,*
194,1.0,T,*
195,1.0,A,*
196,1.0,T,*
197,1.0,C,*
198,0.5,A, 
199,1.0,T,*
200,0.75,G,.
201,0.8,A,:
202,0.5,C, 
203,0.6,A,.
204,0.42857142857142855,A, 
205,0.6,A,.
206,0.6666666666666666,T,.
207,1.0,C,*
208,0.8333333333333334,C,:
209,0.6666666666666666,T,.
210,0.3333333333333333,T, 
211,0.6666666666666666,C,.
212,1.0,C,*
213,0.5,A, 
214,0.5714285714285714,T, 
215,0.7142857142857143,G,.
216,0.5714285714285714,C, 
217,0.5714285714285714,T, 
218,0.2857142857142857,A, 
219,0.5714285714285714,G, 
220,0.7142857142857143,C,.
221,0.8571428571428571,C,:
222,0.2857142857142857,C, 
223,1.0,C,*
224,0.8571428571428571,C,:
225,0.8,T,:
226,0.7142857142857143,G,.
227,0.6,A,.
228,0.8,C,:
229,0.75,C,.
230,0.5,C, 
231,0.5,T, 
232,0.5,G, 
233,0.8333333333333334,C,:
234,0.5,A, 
235,0.4,G, 
236,0.6,A,.
237,1.0,A,*
238,1.0,A,*
239,1.0,A,*
240,1.0,A,*
241,1.0,C,*
242,0.5,T, 
243,0.5,A, 
244,1.0,T,*
245,1.0,C,*
246,0.5,A, 
247,0.5,T, 
248,1.0,T,*
249,1.0,A,*
250,1.0,C,*
251,1.0,A,*
252,0.5,T, 
253,0.5,T, 
254,1.0,A,*
255,1.0,A,*
256,0.6666666666666666,G,.
257,0.5,A, 
258,0.3333333333333333,T, 
259,0.6666666666666666,T,.
260,0.75,G,.
261,0.5,A, 
262,0.75,T,.
263,0.75,T,.
264,0.5,C, 
265,1.0,C,*
266,0.5,A, 
267,0.5,A, 
268,1.0,C,*
269,1.0,T,*
270,0.6666666666666666,T,.
271,0.5,G, 
272,1.0,C,*
273,0.5714285714285714,T, 
274,0.5714285714285714,T, 
275,0.5714285714285714,A, 
276,0.8571428571428571,G,:
277,0.42857142857142855,T, 
278,0.7142857142857143,G,.
279,0.6666666666666666,T,.
280,0.5,T, 
281,1.0,G,*
282,0.875,C,:
283,0.75,T,.
284,0.5,C, 
285,0.5714285714285714,A, 
286,0.4,A, 
287,1.0,C,*
288,0.5,C, 
289,1.0,A,*
290,1.0,G,*
291,0.6666666666666666,G,.
292,0.6666666666666666,T,.
293,0.8,G,:
294,0.5,A, 
295,0.8333333333333334,C,:
296,0.75,A,.
297,0.75,T,.
298,1.0,G,*
299,0.5,A, 
300,0.5,T, 
301,0.5,G, 
302,0.625,A,.
303,0.5,A, 
304,1.0,A,*
305,0.8571428571428571,G,:
306,0.42857142857142855,G, 
307,0.6666666666666666,A,.
308,0.5714285714285714,A, 
309,0.42857142857142855,G, 
310,0.375,T, 
311,0.7142857142857143,A,.
312,0.8571428571428571,C,:
313,0.5714285714285714,T, 
314,0.8571428571428571,G,:
315,0.42857142857142855,G, 
316,0.5,G, 
317,0.5,T, 
318,1.0,C,*
319,0.6666666666666666,T,.
320,0.3333333333333333,A, 
321,0.6666666666666666,T,.
322,0.6666666666666666,G,.
323,0.7142857142857143,T,.
324,0.6,A,.
325,0.8,A,:
326,0.4,C, 
327,0.8,A,:
328,0.6,G,.
329,0.8571428571428571,G,:
330,0.42857142857142855,A, 
331,0.5714285714285714,G, 
332,0.5,G, 
333,0.5,A, 
334,0.5714285714285714,A, 
335,1.0,G,*
336,1.0,C,*
337,0.6,A,.
338,0.6,A,.
339,0.3333333333333333,G, 
340,0.6666666666666666,T,.
341,0.6666666666666666,T,.
342,0.6,T,.
343,1.0,T,*
344,0.625,T,.
345,0.75,C,.
346,0.5,C, 
347,0.6666666666666666,C,.
348,0.625,T,.
349,0.75,T,.
350,0.6666666666666666,A,.
351,1.0,A,*
352,0.5,A, 
353,0.5,A, 
354,0.5,A, 
355,1.0,G,*
356,0.4,A, 
357,0.6666666666666666,A,.
358,0.5714285714285714,C, 
359,0.5714285714285714,A, 
360,0.5714285714285714,A, 
361,0.7142857142857143,A,.
362,0.8333333333333334,G,:
363,0.7142857142857143,C,.
364,0.5714285714285714,G, 
365,0.7142857142857143,C,.
366,0.42857142857142855,A, 
367,0.3333333333333333,T, 
368,0.3333333333333333,G, 
369,0.6666666666666666,C,.
370,0.6666666666666666,C,.
371,0.6666666666666666,A,.
372,0.6666666666666666,C,.
373,0.75,C,.
374,0.75,T,.
375,1.0,C,*
376,0.5,C, 
377,0.5714285714285714,T, 
378,0.7142857142857143,G,.
379,0.7142857142857143,T,.
380,0.5714285714285714,T, 
381,0.8571428571428571,C,:
382,0.7142857142857143,C,.
383,0.5714285714285714,T, 
384,0.42857142857142855,G, 
385,0.8571428571428571,T,:
386,0.5,T, 
387,0.5,T, 
388,0.5,T, 
389,0.6666666666666666,G,.
390,0.75,C,.
391,0.5,T, 
392,0.75,T,.
393,0.5,T, 
394,0.5,G, 
395,0.75,A,.
396,0.5,C, 
397,0.75,A,.
398,1.0,G,*
399,0.5,G, 
400,1.0,T,*
401,0.75,T,.
402,0.75,T,.
403,0.7142857142857143,C,.
404,0.8571428571428571,T,:
405,0.42857142857142855,C, 
406,0.42857142857142855,T, 
407,0.3333333333333333,G, 
408,0.5714285714285714,C, 
409,0.6,A,.
410,1.0,T,*
411,0.42857142857142855,C, 
412,0.5,T, 
413,0.6666666666666666,C,.
414,0.75,T,.
415,0.375,T, 
416,0.75,T,.
417,0.6666666666666666,G,.
418,0.625,C,.
419,0.5,G, 
420,0.5,C, 
421,0.625,T,.
422,0.5,T, 
423,0.375,G, 
424,0.5,A, 
425,0.5,G, 
426,0.375,A, 
427,0.4444444444444444,A, 
428,1.0,T,*
429,1.0,C,*
430,0.625,A,.
431,0.75,G,.
432,0.42857142857142855,T, 
433,0.8333333333333334,T,:
434,0.3333333333333333,T, 
435,0.5,C, 
436,0.7777777777777778,C,.
437,0.5,T, 
438,0.5,A, 
439,0.875,C,:
440,0.625,A,.
441,0.625,A,.
442,0.5,A, 
443,0.625,A,.
444,0.5,G, 
445,0.625,G,.
446,0.75,T,.
447,1.0,C,*
448,0.6666666666666666,C,.
449,0.7142857142857143,C,.
450,0.625,T,.
451,0.5,T, 
452,0.6,A,.
453,0.42857142857142855,A, 
454,0.42857142857142855,T, 
455,0.7142857142857143,G,.
456,0.7142857142857143,G,.
457,0.6666666666666666,G,.
458,1.0,A,*
459,0.6666666666666666,A,.
460,0.6666666666666666,G,.
461,1.0,G,*
462,1.0,C,*
463,0.5,T, 
464,0.75,G,.
465,0.5,A, 
466,0.5,A, 
467,1.0,G,*
468,0.5,A, 
469,0.4,A, 
470,0.6666666666666666,G,.
471,0.3333333333333333,G, 
472,0.5,A, 
473,0.5,T, 
474,1.0,G,*
475,0.75,A,.
476,0.6666666666666666,T,.
477,0.5,T, 
478,0.8571428571428571,G,:
479,0.42857142857142855,C, 
480,0.7142857142857143,T,.
481,0.5714285714285714,T, 
482,0.42857142857142855,A, 
483,0.3333333333333333,A, 
484,0.5,T, 
485,0.3333333333333333,G, 
486,1.0,C,*
487,1.0,C,*
488,1.0,A,*
489,1.0,G,*
490,1.0,G,*
491,1.0,A,*
492,1.0,A,*
493,1.0,T,*
494,1.0,T,*
495,1.0,T,*
496,1.0,G,*
497,0.5,A, 
498,0.5,G, 
499,1.0,A,*
500,1.0,C,*
501,1.0,C,*
502,1.0,A,*
503,1.0,G,*
504,0.8,C,:
505,0.6666666666666666,T,.
506,0.6666666666666666,T,.
507,0.5,G, 
508,0.5,G, 
509,0.6666666666666666,G,.
510,0.6666666666666666,C,.
511,0.5,A, 
512,0.5,A, 
513,0.5,A, 
514,1.0,A,*
515,1.0,T,*
516,0.5,A, 
517,1.0,G,*
518,0.5,T, 
519,1.0,G,*
520,1.0,A,*
521,0.5,G, 
522,1.0,A,*
523,1.0,T,*
524,1.0,A,*
525,0.5714285714285714,A, 
526,0.42857142857142855,C, 
527,0.5,A, 
528,1.0,C,*
529,0.625,A,.
530,0.5,A, 
531,0.5714285714285714,A, 
532,0.5714285714285714,T, 
533,0.7142857142857143,G,.
534,0.75,C,.
535,0.375,T, 
536,0.5,A, 
537,0.3333333333333333,C, 
538,0.6,T,.
539,0.6,A,.
540,0.5,A, 
541,0.5,A, 
542,1.0,C,*
543,1.0,C,*
544,1.0,C,*
545,1.0,T,*
546,0.4,T, 
547,0.75,A,.
548,0.6666666666666666,T,.
549,1.0,G,*
550,1.0,T,*
551,0.4,A, 
552,0.8,C,:
553,0.5,T, 
554,0.5,G, 
555,0.6666666666666666,T,.
556,0.6666666666666666,C,.
557,0.5,C, 
558,0.2857142857142857,A, 
559,0.42857142857142855,C, 
560,0.3333333333333333,A, 
561,0.6666666666666666,C,.
562,0.6666666666666666,T,.
563,0.8571428571428571,T,:
564,0.8571428571428571,T,:
565,0.5714285714285714,G, 
566,0.5714285714285714,T, 
567,0.5,T, 
568,0.5,T, 
569,0.3333333333333333,G, 
570,0.5,C, 
571,0.5,G, 
572,0.4,A, 
573,0.6,T,.
574,0.4,A, 
575,1.0,C,*
576,0.5,A, 
577,0.75,G,.
578,1.0,G,*
579,1.0,G,*
580,1.0,T,*
581,1.0,C,*
582,1.0,C,*
583,0.6666666666666666,T,.
584,0.3333333333333333,T, 
585,0.6666666666666666,T,.
586,0.8333333333333334,G,:
587,0.6,T,.
588,0.6,A,.
589,0.5,C, 
590,0.75,T,.
591,0.6,C,.
592,0.8,C,:
593,1.0,C,*
594,0.6666666666666666,A,.
595,0.4,T, 
596,1.0,G,*
597,0.3333333333333333,T, 
598,0.4,A, 
599,0.42857142857142855,T, 
600,0.375,A, 
601,0.625,T,.
602,0.625,G,.
603,0.75,C,.
604,0.6666666666666666,A,.
605,0.3333333333333333,T, 
606,0.7777777777777778,A,.
607,0.5555555555555556,T, 
608,0.5,T, 
609,0.5,T, 
610,0.6666666666666666,T,.
611,1.0,C,*
612,0.6666666666666666,C,.
613,0.6666666666666666,C,.
614,0.75,A,.
615,0.75,G,.
616,0.6,T,.
617,0.6,C,.
618,1.0,C,*
619,0.6666666666666666,A,.
620,0.4,C, 
621,0.6666666666666666,A,.
622,0.6666666666666666,C,.
623,0.6666666666666666,T,.
624,0.5,A, 
625,0.6666666666666666,C,.
626,0.8571428571428571,C,:
627,0.5714285714285714,C, 
628,0.5714285714285714,G, 
629,1.0,T,*
630,0.5,C, 
631,1.0,T,*
632,1.0,G,*
633,1.0,A,*
634,1.0,G,*
635,1.0,T,*
636,1.0,T,*
637,1.0,T,*
638,0.5,C, 
639,0.5,C, 
640,0.42857142857142855,G, 
641,0.75,G,.
642,0.875,C,:
643,0.7142857142857143,T,.
644,0.5,C, 
645,0.8,A,:
646,0.6,A,.
647,0.8,G,:
648,0.5,T, 
649,1.0,G,*
650,1.0,A,*
651,0.75,T,.
652,0.5,A, 
653,0.5714285714285714,A, 
654,0.6,T,.
655,0.4,C, 
656,0.8,C,:
657,0.6,T,.
658,0.6666666666666666,T,.
659,1.0,C,*
660,1.0,C,*
661,1.0,T,*
662,0.5,T, 
663,0.75,G,.
664,0.6,A,.
665,1.0,C,*
666,0.6666666666666666,A,.
667,0.8333333333333334,T,:
668,0.5,G, 
669,0.5,G, 
670,0.4,C, 
671,0.6666666666666666,G,.
672,0.7,C,.
673,0.6,A,.
674,0.4444444444444444,T, 
675,0.3333333333333333,T, 
676,0.6666666666666666,C,.
677,0.9,C,:
678,0.4,C, 
679,1.0,C,*
680,0.4,C, 
681,0.4,G, 
682,0.7,C,.
683,0.6,T,.
684,0.8,T,:
685,0.6,A,.
686,0.6,G,.
687,0.4444444444444444,A, 
688,0.7142857142857143,A,.
689,0.5714285714285714,G, 
690,0.7142857142857143,C,.
691,0.5,T, 
692,0.375,G, 
693,1.0,A,*
694,1.0,T,*
695,1.0,T,*
696,1.0,G,*
697,1.0,T,*
698,0.5,T, 
699,0.3333333333333333,A, 
700,0.5555555555555556,T, 
701,0.4444444444444444,A, 
702,1.0,C,*
703,0.42857142857142855,T, 
704,0.5714285714285714,A, 
705,0.3333333333333333,C, 
706,0.6666666666666666,T,.
707,0.5,A, 
708,0.75,G,.
709,1.0,G,*
710,0.6666666666666666,G,.
711,0.6666666666666666,G,.
712,0.8333333333333334,G,:
713,0.2857142857142857,G, 
714,0.3333333333333333,G, 
715,0.7142857142857143,A,.
716,0.3333333333333333,A, 
717,0.5714285714285714,C, 
718,1.0,C,*
719,0.5714285714285714,T, 
720,0.6,T,.
721,0.6666666666666666,C,.
722,1.0,T,*
723,0.375,C, 
724,0.75,A,.
725,0.8,G,:
726,0.6,T,.
727,1.0,C,*
728,0.5,A, 
729,1.0,A,*
730,1.0,G,*
731,1.0,G,*
732,1.0,A,*
733,1.0,G,*
734,1.0,T,*
735,0.5,T, 
736,1.0,C,*
737,0.75,G,.
738,0.25,A, 
739,0.75,G,.
740,1.0,G,*
741,0.5,C, 
742,0.5,T, 
743,1.0,G,*
744,1.0,C,*
745,0.5,A, 
746,1.0,G,*
747,1.0,T,*
748,1.0,G,*
749,1.0,A,*
750,1.0,G,*
751,1.0,C,*
752,1.0,T,*
753,1.0,A,*
754,1.0,T,*
755,0.75,G,.
756,1.0,A,*
757,1.0,T,*
758,0.5,C, 
759,1.0,G,*
760,0.5,T, 
761,0.75,G,.
762,1.0,C,*
763,0.5,T, 
764,0.75,A,.
765,0.6666666666666666,T,.
766,0.5714285714285714,T, 
767,0.625,G,.
768,0.42857142857142855,G, 
769,0.5714285714285714,T, 
770,0.42857142857142855,G, 
771,0.875,C,:
772,1.0,C,*
773,0.6666666666666666,T,.
774,0.6666666666666666,G,.
775,0.3333333333333333,G, 
776,0.625,G,.
777,0.5,T, 
778,0.625,G,.
779,0.75,C,.
780,0.8571428571428571,C,:
781,0.5714285714285714,A, 
782,0.42857142857142855,G, 
783,0.8333333333333334,A,:
784,0.6666666666666666,G,.
785,0.5,G, 
786,0.6666666666666666,A,.
787,0.5,A, 
788,1.0,C,*
789,0.8,A,:
790,0.4,G, 
791,0.8,C,:
792,1.0,C,*
793,1.0,T,*
794,0.6,T,.
795,0.3333333333333333,T, 
796,0.7777777777777778,C,.
797,1.0,T,*
798,1.0,G,*
799,1.0,G,*
800,1.0,A,*
801,1.0,A,*
802,1.0,T,*
803,1.0,T,*
804,0.5555555555555556,C, 
805,0.5555555555555556,T, 
806,0.4444444444444444,A, 
807,0.5,A, 
808,0.5,A, 
809,0.42857142857142855,A, 
810,0.5714285714285714,A, 
811,0.6666666666666666,T,.
812,0.8,A,:
813,0.7142857142857143,T,.
814,0.5714285714285714,G, 
815,0.8333333333333334,A,:
816,0.625,C,.
817,0.5,C, 
818,1.0,T,*
819,0.4444444444444444,T, 
820,0.5555555555555556,C, 
821,0.5,A, 
822,0.5,T, 
823,0.5,T, 
824,0.75,G,.
825,0.6666666666666666,A,.
826,1.0,T,*
827,0.6666666666666666,A,.
828,0.5,G, 
829,0.5,G, 
830,0.5,G, 
831,0.5,T, 
832,1.0,G,*
833,0.3333333333333333,T, 
834,0.4,C, 
835,0.8,G,:
836,1.0,T,*
837,0.6,T,.
838,1.0,T,*
839,0.8,T,:
840,0.6,T,.
841,0.6,C,.
842,1.0,C,*
843,0.6,T,.
844,0.375,G, 
845,0.375,T, 
846,0.5,T, 
847,0.4444444444444444,T, 
848,0.5555555555555556,A, 
849,0.75,C,.
850,0.75,C,.
851,1.0,C,*
852,0.6666666666666666,C,.
853,0.75,T,.
854,0.3333333333333333,C, 
855,0.4444444444444444,G, 
856,0.8333333333333334,C,:
857,0.6,T,.
858,0.5,C, 
859,0.6666666666666666,C,.
860,1.0,C,*
861,0.5,A, 
862,1.0,C,*
863,1.0,T,*
864,0.8,C,:
865,0.6,A,.
866,0.6,G,.
867,0.6,G,.
868,0.5555555555555556,T, 
869,0.8888888888888888,C,:
870,0.5555555555555556,T, 
871,0.75,T,.
872,0.7142857142857143,T,.
873,0.3333333333333333,C, 
874,0.3333333333333333,A, 
875,0.6666666666666666,T,.
876,0.6666666666666666,T,.
877,0.5,T, 
878,0.8,T,:
879,0.6,T,.
880,0.6,T,.
881,1.0,T,*
882,0.6666666666666666,T,.
883,0.8333333333333334,T,:
884,1.0,T,*
885,0.625,T,.
886,0.375,T, 
887,0.3333333333333333,G, 
888,0.7777777777777778,A,.
889,1.0,G,*
890,0.4444444444444444,A, 
891,0.5,A, 
892,0.6,A,.
893,1.0,G,*
894,0.625,A,.
895,0.375,T, 
896,0.5,G, 
897,0.5,A, 
898,1.0,T,*
899,0.5,G, 
900,0.8,T,:
901,1.0,C,*
902,1.0,T,*
903,1.0,A,*
904,1.0,G,*
905,1.0,T,*
906,1.0,T,*
907,1.0,T,*
908,1.0,T,*
909,1.0,T,*
910,1.0,A,*
911,0.6666666666666666,T,.
912,0.8333333333333334,T,:
913,0.5714285714285714,G, 
914,0.8571428571428571,C,:
915,0.75,T,.
916,0.625,G,.
917,0.625,T,.
918,0.625,G,.
919,0.875,T,:
920,0.375,T, 
921,0.375,A, 
922,0.625,C,.
923,0.625,C,.
924,0.5,T, 
925,0.6666666666666666,A,.
926,0.5555555555555556,G, 
927,0.6666666666666666,G,.
928,0.6666666666666666,C,.
929,0.3333333333333333,A, 
930,0.5,G, 
931,0.6666666666666666,G,.
932,0.5,G, 
933,1.0,C,*
934,0.6,T,.
935,0.5,T, 
936,0.5,G, 
937,0.7142857142857143,A,.
938,0.8333333333333334,G,:
939,0.5,T, 
940,0.5,G, 
941,1.0,C,*
942,0.5714285714285714,A, 
943,0.375,C, 
944,0.5,A, 
945,0.3333333333333333,G, 
946,1.0,G,*
947,0.5,T, 
948,1.0,G,*
949,0.5,C, 
950,1.0,A,*
951,1.0,A,*
952,1.0,T,*
953,0.6666666666666666,C,.
954,1.0,T,*
955,0.3333333333333333,C, 
956,0.6666666666666666,G,.
957,0.6666666666666666,C,.
958,0.8333333333333334,C,:
959,0.5,T, 
960,0.5,C, 
961,0.5,C, 
962,0.8333333333333334,C,:
963,0.5,T, 
964,0.5,G, 
965,0.6666666666666666,C,.
966,0.5,A, 
967,0.5,C, 
968,0.6666666666666666,C,.
969,0.8333333333333334,C,:
970,0.6666666666666666,T,.
971,0.5555555555555556,C, 
972,0.375,G, 
973,0.625,G,.
974,0.375,C, 
975,0.75,C,.
976,0.5,T, 
977,0.875,C,:
978,0.875,C,:
979,0.42857142857142855,C, 
980,0.6666666666666666,A,.
981,0.625,G,.
982,0.75,A,.
983,0.4,G, 
984,0.8888888888888888,T,:
985,0.5555555555555556,T, 
986,0.8571428571428571,C,:
987,0.6666666666666666,A,.
988,0.3333333333333333,G, 
989,0.5,A, 
990,0.6666666666666666,G,.
991,1.0,A,*
992,0.5,T, 
993,1.0,T,*
994,0.6666666666666666,A,.
995,1.0,C,*
996,0.6666666666666666,A,.
997,0.42857142857142855,G, 
998,0.5,C, 
999,0.8333333333333334,T,:
1000,1.0,G,*
1001,1.0,T,*
1002,1.0,G,*
1003,0.6666666666666666,A,.
1004,0.6666666666666666,A,.
1005,0.3333333333333333,C, 
1006,0.6666666666666666,C,.
1007,0.6666666666666666,T,.
1008,1.0,C,*
1009,0.3333333333333333,C, 
1010,0.6666666666666666,G,.
1011,1.0,T,*
1012,0.5,C, 
1013,0.3333333333333333,G, 
1014,0.8333333333333334,C,:
1015,0.4,C, 
1016,0.4,G, 
1017,0.8,G,:
1018,1.0,C,*
1019,0.6666666666666666,C,.
1020,0.8571428571428571,T,:
1021,0.75,C,.
1022,0.875,A,:
1023,0.875,G,:
1024,0.8571428571428571,C,:
1025,1.0,T,*
1026,0.8,T,:
1027,0.6,G,.
1028,0.6,T,.
1029,0.4,T, 
1030,0.8,G,:
1031,0.4,T, 
1032,0.4,T, 
1033,0.4,T, 
1034,0.75,C,.
1035,0.3333333333333333,C, 
1036,0.6666666666666666,G,.
1037,0.6666666666666666,C,.
1038,0.5,A, 
1039,0.75,A,.
1040,0.5,A, 
1041,1.0,A,*
1042,0.75,A,.
1043,1.0,G,*
1044,0.75,A,.
1045,0.6666666666666666,A,.
1046,0.5,T, 
1047,0.5,A, 
1048,0.5,A, 
1049,0.5,A, 
1050,0.5,T, 
1051,0.5,G, 
1052,1.0,C,*
1053,0.5,T, 
1054,1.0,G,*
1055,0.5,A, 
1056,1.0,C,*
1057,0.5,C, 
1058,0.5,T, 
1059,1.0,A,*
1060,1.0,C,*
1061,1.0,T,*
1062,0.5,G, 
1063,0.5,C, 
1064,1.0,A,*
1065,1.0,G,*
1066,0.5,A, 
1067,0.4,T, 
1068,0.2857142857142857,C, 
1069,0.5,T, 
1070,0.875,C,:
1071,0.8888888888888888,C,:
1072,1.0,C,*
1073,0.4444444444444444,A, 
1074,0.3333333333333333,G, 
1075,0.5555555555555556,A, 
1076,0.5555555555555556,G, 
1077,0.42857142857142855,T, 
1078,0.625,A,.
1079,0.5,G, 
1080,0.6666666666666666,C,.
1081,0.5,T, 
1082,0.5,G, 
1083,0.8333333333333334,G,:
1084,0.8333333333333334,G,:
1085,1.0,A,*
1086,0.5,T, 
1087,0.8,T,:
1088,1.0,C,*
1089,1.0,T,*
1090,0.6666666666666666,T,.
1091,0.6666666666666666,G,.
1092,0.42857142857142855,A, 
1093,0.8571428571428571,C,:
1094,0.5714285714285714,A, 
1095,0.42857142857142855,G, 
1096,0.42857142857142855,C, 
1097,0.42857142857142855,A, 
1098,0.5714285714285714,G, 
1099,1.0,C,*
1100,0.8,C,:
1101,0.4,T, 
1102,1.0,G,*
1103,0.8571428571428571,C,:
1104,0.7777777777777778,C,.
1105,0.625,A,.
1106,0.5,G, 
1107,0.5,A, 
1108,0.4444444444444444,A, 
1109,0.7142857142857143,C,.
1110,1.0,C,*
1111,0.5714285714285714,T, 
1112,0.5,G, 
1113,0.5714285714285714,T, 
1114,0.7142857142857143,G,.
1115,0.8571428571428571,T,:
1116,0.5,A, 
1117,0.5,T, 
1118,0.75,A,.
1119,0.6666666666666666,A,.
1120,1.0,G,*
1121,0.6666666666666666,T,.
1122,0.5,G, 
1123,0.75,T,.
1124,0.6666666666666666,C,.
1125,1.0,T,*
1126,0.6666666666666666,G,.
1127,0.6666666666666666,T,.
1128,0.6666666666666666,G,.
1129,0.6666666666666666,T,.
1130,1.0,G,*
1131,0.4,G, 
1132,0.6,T,.
1133,0.8,G,:
1134,0.5,A, 
1135,1.0,T,*
1136,1.0,G,*
1137,0.5,G, 
1138,0.5,T, 
1139,0.5,C, 
1140,1.0,G,*
1141,1.0,T,*
1142,1.0,G,*
1143,1.0,T,*
1144,1.0,G,*
1145,1.0,T,*
1146,1.0,G,*
1147,1.0,T,*
1148,1.0,G,*
1149,1.0,T,*
1150,1.0,G,*
1151,1.0,T,*
1152,0.5,A, 
1153,0.5,G, 
1154,1.0,G,*
1155,1.0,T,*
1156,1.0,G,*
1157,0.5,G, 
1158,1.0,G,*
1159,0.5,T, 
1160,0.3333333333333333,T, 
1161,0.5,C, 
1162,0.5,G, 
1163,0.8333333333333334,C,:
1164,0.5,T, 
1165,0.42857142857142855,C, 
1166,0.5714285714285714,A, 
1167,0.8,G,:
1168,1.0,C,*
1169,0.6,T,.
1170,0.6666666666666666,T,.
1171,0.6666666666666666,T,.
1172,0.6666666666666666,T,.
1173,0.6666666666666666,T,.
1174,1.0,C,*
1175,1.0,A,*
1176,0.6666666666666666,C,.
1177,0.6666666666666666,A,.
1178,1.0,G,*
1179,0.6666666666666666,G,.
1180,0.3333333333333333,C, 
1181,1.0,A,*
1182,0.6666666666666666,T,.
1183,1.0,C,*
1184,0.6666666666666666,C,.
1185,0.6666666666666666,T,.
1186,0.5,A, 
1187,0.8333333333333334,T,:
1188,0.5,A, 
1189,1.0,T,*
1190,0.8,T,:
1191,0.8,T,:
1192,1.0,G,*
1193,1.0,T,*
1194,0.5,A, 
1195,1.0,T,*
1196,0.5,C, 
1197,0.6666666666666666,T,.
1198,0.5,T, 
1199,0.6,T,.
1200,0.8,A,:
1201,0.6,G,.
1202,1.0,T,*
1203,0.6666666666666666,A,.
1204,0.5,A, 
1205,0.6666666666666666,A,.
1206,0.5,G, 
1207,1.0,A,*
1208,0.5,G, 
1209,0.5,A, 
1210,0.6666666666666666,C,.
1211,0.5,G, 
1212,0.6666666666666666,A,.
1213,0.5714285714285714,G, 
1214,0.8571428571428571,G,:
1215,0.5714285714285714,T, 
1216,0.6666666666666666,T,.
1217,0.6666666666666666,T,.
1218,0.5,T, 
1219,0.6666666666666666,A,.
1220,0.5,C, 
1221,0.6666666666666666,C,.
1222,0.5714285714285714,A, 
1223,0.7142857142857143,T,.
1224,0.5714285714285714,G, 
1225,0.8571428571428571,T,:
1226,0.7142857142857143,G,.
1227,0.8571428571428571,G,:
1228,0.5714285714285714,G, 
1229,0.5714285714285714,C, 
1230,0.42857142857142855,C, 
1231,0.6666666666666666,A,.
1232,0.8333333333333334,G,:
1233,0.5714285714285714,G, 
1234,0.5714285714285714,T, 
1235,0.8571428571428571,T,:
1236,0.7142857142857143,G,.
1237,0.25,C, 
1238,0.75,T,.
1239,0.8571428571428571,G,:
1240,0.7142857142857143,G,.
1241,0.42857142857142855,C, 
1242,0.5714285714285714,A, 
1243,0.5,A, 
1244,0.5,A, 
1245,0.375,C, 
1246,0.42857142857142855,T, 
1247,1.0,C,*
1248,0.42857142857142855,T, 
1249,0.7142857142857143,T,.
1250,0.7142857142857143,G,.
1251,0.4,A, 
1252,0.5,A, 
1253,1.0,G,*
1254,0.6666666666666666,T,.
1255,0.6666666666666666,C,.
1256,0.6666666666666666,C,.
1257,0.6,T,.
1258,0.4,A, 
1259,1.0,G,*
1260,0.8,C,:
1261,0.5,T, 
1262,0.5,A, 
1263,1.0,C,*
1264,0.4,T, 
1265,0.6666666666666666,T,.
1266,0.3333333333333333,G, 
1267,1.0,G,*
1268,1.0,G,*
1269,1.0,A,*
1270,1.0,G,*
1271,1.0,G,*
1272,1.0,C,*
1273,1.0,T,*
1274,0.5,G, 
1275,1.0,T,*
1276,0.6666666666666666,G,.
1277,0.3333333333333333,C, 
1278,0.75,A,.
1279,0.75,A,.
1280,0.5,A, 
1281,0.75,G,.
1282,0.375,G, 
1283,0.5,C, 
1284,0.5555555555555556,G, 
1285,0.5555555555555556,G, 
1286,1.0,T,*
1287,1.0,C,*
1288,0.8333333333333334,T,:
1289,0.8571428571428571,G,:
1290,0.5714285714285714,C, 
1291,0.42857142857142855,G, 
1292,0.5714285714285714,C, 
1293,0.5714285714285714,A, 
1294,0.42857142857142855,C, 
1295,0.7142857142857143,C,.
1296,0.5,T, 
1297,1.0,C,*
1298,0.5,A, 
1299,0.5,G, 
1300,0.42857142857142855,C, 
1301,0.42857142857142855,A, 
1302,0.7142857142857143,T,.
1303,0.7142857142857143,C,.
1304,0.8333333333333334,C,:
1305,0.7142857142857143,C,.
1306,0.5,A, 
1307,0.375,A, 
1308,0.5,A, 
1309,0.75,G,.
1310,0.5,T, 
1311,0.75,G,.
1312,0.5,C, 
1313,0.5,A, 
1314,1.0,G,*
1315,0.5,G, 
1316,0.6666666666666666,G,.
1317,0.5,G, 
1318,0.5555555555555556,T, 
1319,1.0,T,*
1320,0.5,G, 
1321,1.0,C,*
1322,0.7142857142857143,A,.
1323,0.2857142857142857,G, 
1324,0.5714285714285714,T, 
1325,0.5,G, 
1326,0.75,A,.
1327,1.0,G,*
1328,0.5,G, 
1329,1.0,T,*
1330,1.0,G,*
1331,0.6,T,.
1332,0.625,T,.
1333,0.5,A, 
1334,0.6,G,.
1335,0.8,G,:
1336,0.6,A,.
1337,0.4,T, 
1338,0.6,T,.
1339,0.5,G, 
1340,0.5555555555555556,C, 
1341,0.5555555555555556,A, 
1342,0.6666666666666666,C,.
1343,0.8888888888888888,C,:
1344,0.6666666666666666,A,.
1345,0.75,G,.
1346,0.5,T, 
1347,0.6666666666666666,C,.
1348,0.5,T, 
1349,0.8,G,:
1350,0.5,C, 
1351,0.5555555555555556,A, 
1352,0.4444444444444444,C, 
1353,0.5555555555555556,C, 
1354,0.5,A, 
1355,0.4,G, 
1356,0.42857142857142855,A, 
1357,0.4,G, 
1358,1.0,C,*
1359,0.4,A, 
1360,0.6,G,.
1361,0.7142857142857143,T,.
1362,0.375,G, 
1363,0.4444444444444444,G, 
1364,0.6666666666666666,C,.
1365,0.5555555555555556,A, 
1366,0.5,T, 
1367,0.625,C,.
1368,0.5,T, 
1369,0.375,T, 
1370,0.6666666666666666,G,.
1371,0.5,G, 
1372,0.6666666666666666,T,.
1373,0.625,G,.
1374,0.75,G,.
1375,0.6666666666666666,G,.
1376,0.4444444444444444,G, 
1377,0.6,C,.
1378,0.7,T,.
1379,0.5,T, 
1380,0.5714285714285714,A, 
1381,1.0,C,*
1382,1.0,A,*
1383,0.6666666666666666,T,.
1384,0.6666666666666666,G,.
1385,0.7777777777777778,A,.
1386,0.4444444444444444,G, 
1387,0.625,C,.
1388,0.5,A, 
1389,0.7777777777777778,T,.
1390,0.4444444444444444,A, 
1391,0.5,A, 
1392,0.8333333333333334,C,:
1393,0.75,T,.
1394,0.75,C,.
1395,0.6666666666666666,A,.
1396,0.6666666666666666,A,.
1397,0.4,A, 
1398,0.7142857142857143,A,.
1399,0.5555555555555556,C, 
1400,0.6666666666666666,A,.
1401,0.625,T,.
1402,0.75,A,.
1403,0.5,G, 
1404,0.5,C, 
1405,0.4,C, 
1406,1.0,C,*
1407,1.0,T,*
1408,1.0,T,*
1409,0.6666666666666666,G,.
1410,1.0,T,*
1411,0.5,C, 
1412,1.0,C,*
1413,1.0,C,*
1414,1.0,G,*
1415,1.0,T,*
1416,1.0,T,*
1417,1.0,C,*
1418,1.0,C,*
1419,1.0,C,*
1420,1.0,T,*
1421,1.0,C,*
1422,1.0,A,*
1423,1.0,G,*
1424,1.0,T,*
1425,1.0,A,*
1426,0.25,G, 
1427,0.5,A, 
1428,0.5,A, 
1429,0.6666666666666666,A,.
1430,0.5,A, 
1431,0.5714285714285714,A, 
1432,0.6666666666666666,T,.
1433,0.5714285714285714,T, 
1434,0.42857142857142855,T, 
1435,0.8333333333333334,T,:
1436,1.0,C,*
1437,0.6666666666666666,C,.
1438,0.6666666666666666,C,.
1439,0.5,A, 
1440,1.0,C,*
1441,0.6,C,.
1442,0.6,T,.
1443,1.0,A,*
1444,0.5,A, 
1445,0.5,C, 
1446,0.6666666666666666,A,.
1447,1.0,G,*
1448,0.6666666666666666,C,.
1449,0.6666666666666666,A,.
1450,0.6666666666666666,T,.
1451,0.5,G, 
1452,0.5,A, 
1453,0.6666666666666666,T,.
1454,0.6666666666666666,T,.
1455,0.5555555555555556,C, 
1456,0.75,T,.
1457,0.5,A, 
1458,1.0,A,*
1459,1.0,T,*
1460,0.75,T,.
1461,0.4,A, 
1462,0.6,A,.
1463,0.6,A,.
1464,0.6,A,.
1465,0.8,C,:
1466,0.625,C,.
1467,0.625,A,.
1468,1.0,T,*
1469,0.8571428571428571,G,:
1470,0.5714285714285714,G, 
1471,0.6666666666666666,G,.
1472,0.5,T, 
1473,0.3333333333333333,G, 
1474,0.6666666666666666,A,.
1475,0.5,A, 
1476,0.75,T,.
1477,1.0,G,*
1478,0.4,G, 
1479,0.6,A,.
1480,0.8,T,:
1481,0.8333333333333334,T,:
1482,0.8333333333333334,T,:
1483,0.8333333333333334,T,:
1484,0.6666666666666666,C,.
1485,0.8333333333333334,A,:
1486,0.8,C,:
1487,0.75,T,.
1488,0.8,T,:
1489,0.6,G,.
1490,0.8,G,:
1491,0.5,A, 
1492,0.75,G,.
1493,0.7142857142857143,T,.
1494,0.5,C, 
1495,0.8333333333333334,T,:
1496,0.8333333333333334,G,:
1497,0.7142857142857143,C,.
1498,0.8571428571428571,T,:
1499,0.7142857142857143,T,.
1500,0.5714285714285714,A, 
1501,0.7142857142857143,T,.
1502,0.5,T, 
1503,0.5,G, 
1504,1.0,T,*
1505,1.0,A,*
1506,0.42857142857142855,A, 
1507,0.5714285714285714,G, 
1508,0.42857142857142855,C, 
1509,0.5,C, 
1510,0.6666666666666666,C,.
1511,0.5,T, 
1512,0.6666666666666666,T,.
1513,0.8333333333333334,G,:
1514,0.6666666666666666,A,.
1515,0.5714285714285714,A, 
1516,1.0,G,*
1517,0.5714285714285714,G, 
1518,0.7142857142857143,A,.
1519,0.5714285714285714,A, 
1520,0.7142857142857143,A,.
1521,0.4,T, 
1522,1.0,G,*
1523,0.6,C,.
1524,0.8,C,:
1525,0.6,A,.
1526,0.375,A, 
1527,0.5714285714285714,G, 
1528,0.5,C, 
1529,0.6666666666666666,A,.
1530,1.0,G,*
1531,0.6666666666666666,G,.
1532,0.5,T, 
1533,0.5,G, 
1534,0.8,C,:
1535,0.8,T,:
1536,0.4,T, 
1537,0.6666666666666666,T,.
1538,0.6666666666666666,A,.
1539,0.6666666666666666,T,.
1540,0.5,G, 
1541,1.0,A,*
1542,0.5,T, 
1543,0.5,T, 
1544,1.0,C,*
1545,1.0,A,*
1546,0.5,C, 
1547,1.0,A,*
1548,0.75,G,.
1549,1.0,C,*
1550,0.8,A,:
1551,0.4,C, 
1552,0.6,T,.
1553,0.6,C,.
1554,0.8,A,:
1555,0.5,T, 
1556,0.5,C, 
1557,1.0,T,*
1558,1.0,G,*
1559,1.0,G,*
1560,0.5,G, 
1561,0.5,C, 
1562,1.0,A,*
1563,0.5,T, 
1564,0.5,G, 
1565,0.6,T,.
1566,1.0,G,*
1567,0.4,G, 
1568,0.4,C, 
1569,0.4,G, 
1570,0.6,C,.
1571,1.0,T,*
1572,0.8,T,:
1573,0.4,T, 
1574,1.0,C,*
1575,0.6666666666666666,T,.
1576,0.75,T,.
1577,1.0,C,*
1578,1.0,C,*
1579,1.0,T,*
1580,0.75,G,.
1581,0.5,C, 
1582,0.6666666666666666,A,.
1583,0.6666666666666666,G,.
1584,0.3333333333333333,C, 
1585,1.0,T,*
1586,1.0,C,*
1587,1.0,A,*
1588,1.0,G,*
1589,0.6666666666666666,C,.
1590,0.6666666666666666,A,.
1591,0.6666666666666666,A,.
1592,1.0,G,*
1593,0.5,G, 
1594,0.5,C, 
1595,1.0,T,*
1596,1.0,G,*
1597,0.5,C, 
1598,1.0,T,*
1599,1.0,T,*
1600,0.5,G, 
1601,0.5,T, 
1602,1.0,C,*
1603,1.0,T,*
1604,0.5,T, 
1605,0.5,T, 
1606,0.5,T, 
1607,0.5,T, 
1608,1.0,T,*
1609,1.0,T,*
1610,1.0,T,*
1611,1.0,T,*
1612,1.0,T,*
1613,1.0,T,*
1614,1.0,T,*
1615,1.0,T,*
1616,1.0,T,*
1617,1.0,T,*
1618,0.5,T, 
1619,0.5,T, 
1620,0.5,T, 
1621,0.5,T, 
1622,0.5,T, 
1623,0.5,T, 
1624,0.5,T, 
1625,1.0,C,*
1626,1.0,T,*
1627,0.5,T, 
1628,1.0,T,*
1629,0.5,T, 
1630,1.0,G,*
1631,1.0,G,*
1632,1.0,A,*
1633,1.0,G,*
1634,0.5,T, 
1635,1.0,T,*
1636,0.5,T, 
1637,0.5,G, 
1638,1.0,C,*
1639,1.0,C,*
1640,1.0,T,*
1641,1.0,A,*
1642,0.5,C, 
1643,0.5,A, 
1644,1.0,G,*
1645,1.0,G,*
1646,0.5,A, 
1647,0.5,C, 
1648,0.5,T, 
1649,0.5,T, 
1650,1.0,G,*
1651,1.0,C,*
1652,1.0,T,*
1653,1.0,C,*
1654,1.0,T,*
1655,1.0,T,*
1656,1.0,A,*
1657,1.0,A,*
1658,1.0,T,*
1659,1.0,T,*
1660,1.0,T,*
